{"cameraMode":{"drawMode":0,"name":"Shaded","section":"Shading Mode"},"sceneLighting":false,"audioPlay":false,"sceneViewState":{"m_AlwaysRefresh":false,"showFog":true,"showSkybox":false,"showFlares":true,"showImageEffects":true,"showParticleSystems":true,"showVisualEffectGraphs":true,"m_FxEnabled":true},"in2DMode":false,"pivot":{"x":0.46089985966682436,"y":-0.12251150608062744,"z":-0.0635155439376831},"rotation":{"x":-0.3615509569644928,"y":-0.0016372682293877006,"z":0.0006264055264182389,"w":-0.9323894381523132},"size":2.5393757820129396,"orthographic":false}